"year","month","max"
2017,3,18.6420186193548
2017,4,16.411901073
2017,5,16.1262781440968
2017,6,15.0071904433333
2017,7,15.7321232809677
2017,8,17.4718567349032
