"year","month","min"
2017,3,18.4196154677419
2017,4,14.3917879053667
2017,5,15.0654156936452
2017,6,13.6832149737667
2017,7,15.6232751528387
2017,8,15.1869311967742
