"year","month","avg"
2017,3,18.6207403129677
2017,4,15.5480355063333
2017,5,16.060830662
2017,6,14.2293888361
2017,7,15.6504984832258
2017,8,15.8097263381935
