"year","month","max"
2017,3,33.9889907548387
2017,4,32.5198231813333
2017,5,31.0881740851613
2017,6,30.445328707
2017,7,30.1963151445161
2017,8,30.4397913051613
