"year","month","avg"
2017,3,33.5741482535484
2017,4,30.9866666666667
2017,5,30.4737132454839
2017,6,29.2733333333333
2017,7,29.9858249158065
2017,8,29.6
