"year","month","min"
2017,3,33.1326899396774
2017,4,30.9666666666667
2017,5,29.6516129032258
2017,6,29.1322491663333
2017,7,28.9548387096774
2017,8,29.2579433683871
