"year","month","max"
2017,3,23.8470552709677
2017,4,23.8609098576667
2017,5,22.3543584067742
2017,6,22.7745878133333
2017,7,22.1930893380645
2017,8,21.951051793871
