"year","month","avg"
2017,3,23.8416157
2017,4,23.3666666666667
2017,5,22.26559344
2017,6,21.91
2017,7,21.77292169
2017,8,21.6494687245161
