"year","month","min"
2017,3,23
2017,4,21.8266666666667
2017,5,21.858064516129
2017,6,20.7480682786667
2017,7,21.4483870967742
2017,8,20.9911110780645
